ID,Lab,Hand,Sex,CDA2,CDA4,CDA6,K,D_prime
sub-Vog001,Dartmouth,r,f,-0.176668889764061,-0.121050172917242,-0.226827469792932,2.79276791267099,2.58800220150584
sub-Vog002,Dartmouth,r,f,0.246561453715082,0.201976036155912,-0.092215092152001,2.77101086617203,2.74421268998142
sub-Vog003,Dartmouth,r,f,-0.290923491234381,-0.740783335421459,-1.41206087582525,1.99974363442821,1.73109063512027
sub-Vog004,Dartmouth,r,f,0.125224005637214,-0.195731390539294,-0.636970812100093,2.39118008601577,2.82729591385549
sub-Vog005,Dartmouth,r,f,-0.423521582687174,-0.981824016270604,-0.838382994113725,2.23807602588893,2.05867841373431
sub-Vog006,Dartmouth,r,f,-0.199234576363781,-0.793651214187201,-0.650659568029744,2.8329682042616,2.59042445159651
sub-Vog007,Dartmouth,r,f,-4.76598153954066e-05,-0.808017935903931,-0.918815224347837,2.70849820529076,2.42657688000991
sub-Vog008,Dartmouth,r,m,-0.278565650503838,0.206154855890811,0.0832833432366797,1.17868126948338,1.13508708577577
sub-Vog009,Dartmouth,r,m,-0.97370244894148,-1.62096575813758,-1.22962014583852,2.67352872519019,2.5725030432647
sub-Vog010,Dartmouth,r,o,-0.444787794051575,0.222926363127431,-0.201700807577634,2.16793974380546,1.85399883512149
sub-Vog011,Dartmouth,r,f,-0.540213837402827,-1.10085670698042,-0.481332901851616,1.86754396770878,2.39442847398863
sub-Vog012,Dartmouth,l,n/a,-1.26596569398453,-1.34721075449442,-0.832122270740262,2.42030801019688,1.98110498777183
sub-Vog013,Dartmouth,r,f,-0.587094023512139,-0.95917721672991,-0.224708879865557,1.67272352306618,1.9693552593427
sub-Vog014,Dartmouth,r,f,-2.26405960033938,-3.09508839895598,-3.11669639443167,2.21631451500403,2.01740588838794
sub-Vog015,Dartmouth,r,f,-0.621645532306689,-0.644609017018875,-0.98825998274206,2.15605010155291,2.0421828590382
sub-Vog016,Dartmouth,r,f,-2.89602662422954,-0.19188994875959,0.416515444500798,1.22947820666916,1.08890090305522
sub-Vog017,Dartmouth,r,n/a,6.08288543723027,-5.51559648694764,5.73369572170201,2.10441230997405,2.22799745540601
sub-Vog018,Dartmouth,l,m,0.634035653745737,-5.32160009510952,4.42310939558377,1.4733452450293,1.31212292447766
sub-Vog019,Dartmouth,r,f,-0.799567995942785,-1.2328286348704,-0.414254761616911,1.83724173225526,1.57098826901982
sub-Vog020,Dartmouth,l,f,-1.02881190923269,-1.49265087316674,-1.0543749638702,2.3886282586286,2.24576025058921
sub-Vog021,Dartmouth,r,m,-0.763378663123853,-1.16247290329835,-1.22026847670713,3.45322340275804,3.43313396178619
sub-Vog022,Dartmouth,r,f,0.24215119630663,-0.343388698919346,-0.590731552612309,2.16160161632276,1.90819896739047
sub-Vog023,Dartmouth,n/a,n/a,-0.411641778678644,-0.721221007800199,-0.36344673886136,2.43260265286313,2.0472530836238
sub-Vog024,Dartmouth,n/a,n/a,-0.260092049236997,-0.354470488156861,-0.776021458007997,2.35585143257143,2.24286059261272
sub-Vog025,Dartmouth,r,m,-0.367841044453201,-0.424141618198922,-1.3061163942035,2.11148329701309,2.60412094857821
sub-Vog026,Dartmouth,r,m,-0.926561264468054,-1.17432856399901,-0.936750841892764,2.12591381189209,1.94914654183969
sub-Vog027,Dartmouth,r,f,-1.64687966091331,-1.73075406660632,-1.89384051211819,2.36654947701123,3.09847923185692
sub-Vog028,Dartmouth,r,f,0.104901055437299,-0.332580236166092,-0.0151910099033175,2.62578812166656,2.16524510522239
sub-Vog029,Florida,r,f,-1.33973896487383,-0.417465204113373,-0.298386514908338,1.63244721844362,1.30094736026392
sub-Vog030,Florida,r,f,11.0965922849066,-10.4435718254509,-4.09352156794408,-0.479732910175222,-0.470830569749404
sub-Vog031,Florida,l,f,0.121771187126687,-0.322742446624399,0.434130108825639,1.56541425108298,1.49744128265789
sub-Vog032,Florida,r,f,-2.87451540285009,-0.0981501658848183,7.19720793971484,2.56421003797397,2.20433334045398
sub-Vog033,Florida,r,f,-1.56460619059021,-0.747219265182153,0.0678962585179627,1.49593724208199,1.17617368470309
sub-Vog034,Florida,r,f,-1.50028345984712,0.889822516241729,2.25952092052507,-2.20799247713123,-2.4179586898248
sub-Vog035,Florida,r,f,0.0650067492736931,-1.21655921833925,-0.50369599103265,2.16024103817418,2.26186737265802
sub-Vog036,Florida,r,m,-1.08343104414611,-0.268175868057248,-0.19102930062573,2.25119804562925,2.35046738977216
sub-Vog037,Florida,l,f,0.519304549562129,1.39882107047852,0.189391919561841,1.50276531841305,1.37166036914623
sub-Vog038,Florida,r,f,-0.3481475593941,1.12334787060984,-0.99047238509369,2.11539648660687,2.11468450713455
sub-Vog039,Florida,l,m,-14.2338139830255,-1.25148358597888,6.92322009084459,2.2153086020998,2.20670851168323
sub-Vog040,Florida,a,f,-1.03012655494937,0.590912105569277,1.13107275345017,0.684242254697865,0.782424010997368
sub-Vog041,Florida,n/a,m,0.418209456266454,1.16002342523117,-0.0711952437256303,1.79664138910282,1.87683257747561
sub-Vog042,Florida,a,f,-2.95127132372508,1.88957171316647,3.80899586076905,0.920522436582108,0.721683823049137
sub-Vog043,Florida,r,f,-0.326328121573642,-0.612560581365296,0.118959380157685,0.321541017524401,0.290631665333165
sub-Vog044,Florida,l,f,-4.35655622745949,1.7232360609548,0.594486894625523,1.1902756616301,1.12997706921834
sub-Vog045,Florida,l,f,-5.29056933577629,13.2888841732169,0.909373013673933,1.63438936247506,1.69957658156271
sub-Vog046,Florida,r,f,0.938726967282791,-0.148306630358328,-1.92422298835506,1.46583567218482,1.18022173765666
sub-Vog047,Florida,r,f,0.947657251223752,1.37950069448991,0.116248818353995,0.596718509637696,0.709047039553492
sub-Vog048,Florida,l,f,-0.0638313512247177,0.234526836185931,0.24436748666808,2.13398904771234,2.05750999847645
sub-Vog049,Florida,r,f,-0.840975208523809,0.283667187500531,-0.329959578354127,1.71367420700815,1.67836140399157
sub-Vog050,Florida,r,f,7.11727471102353,3.23944471478123,-2.83426619563085,1.57627940626307,1.49620638808177
sub-Vog051,Florida,r,f,8.06754566850534,2.13070491942401,-1.01767639891879,2.06495909129349,1.65913978244942
sub-Vog052,Florida,n/a,f,0.113369197118253,0.177925891817098,0.290972948247287,0.988076957322359,0.719534977268804
sub-Vog053,Florida,r,f,-3.2075609426968,-3.9461671265199,0.499273093559313,1.09701220719872,1.37275857670775
sub-Vog054,Florida,r,m,-0.22102302225789,-1.68272252539519,0.992590471604053,1.51032060182864,1.30111319652045
sub-Vog055,Florida,r,f,0.325992064212657,-0.168751669317962,0.826864174888493,1.78595848802406,2.08391866060294
sub-Vog056,Florida,r,f,0.740948546482012,-0.0604375570821975,0.0144834544432661,1.47654690130662,1.50871013642211
sub-Vog057,Florida,r,m,0.064099318708479,0.3024205031158,0.610483263913777,-1.94548515457606,-1.87721999252322
sub-Vog058,Florida,r,f,0.346993634071882,0.308567770534751,0.187473122667617,1.35322640632316,1.12403129938253
sub-Vog059,Florida,r,f,-6.87035316531113,2.06506062990006,0.0390401973154227,2.15588146661147,2.42069688564098
sub-Vog060,Florida,l,f,-1.61683270983013,0.949486180046427,0.789914506487252,1.05268819356608,1.26807867548107
sub-Vog061,Florida,r,f,-0.613759862157072,-0.00699568200346404,1.06947544727332,2.28483019771022,2.03178370478827
sub-Vog062,Florida,r,f,0.640468327695525,-1.17161213307065,-0.71268280451843,1.32745791511065,1.71745246072513
sub-Vog063,Florida,r,f,-0.907464904940768,2.52639523869021,-1.48744651693965,-1.30559710122581,-1.78768396972305
sub-Vog064,Florida,r,m,-0.0357021727862459,-0.461269539971682,-0.250767312316676,2.213796368818,2.30158308746435
sub-Vog065,Florida,r,f,9.4740714483565,-1.94546644180728,-1.88597545455439,1.77696082121133,1.82496675923326
sub-Vog066,Florida,l,f,5.32694365472752,-1.71391035440507,0.557063810464986,2.64027356427842,2.54934166362094
sub-Vog067,Florida,a,f,1.13106176093339,-0.071614102529598,-1.57239827362599,1.24232537348078,1.25826459307943
sub-Vog068,Florida,l,f,-1.18415508221344,3.83241222811425,-0.255055227051029,2.33232820090405,2.41535931938287
sub-Vog069,Florida,r,m,0.230170005843157,0.557681863024242,0.97739421478009,2.20019860565213,1.8805477085238
sub-Vog070,Florida,l,f,0.274504887054976,0.663812674024971,-0.654552010400248,2.62387139763452,3.02534534608037
sub-Vog071,Florida,r,f,-0.141029779410844,0.245711226110372,-1.11909780444547,1.21012192799566,1.69716221285874
sub-Vog072,Florida,r,f,-1.12146234530807,-1.3683724984485,0.961416634707623,2.49274795886357,2.17876320755618
sub-Vog073,Florida,r,f,-0.204360361176203,-1.16041873793921,-0.902255510516887,2.34543778610618,2.01642739861935
sub-Vog074,Florida,l,m,0.318618974920468,0.170129343386739,0.328219063343855,0.819230021870678,0.739992118361974
sub-Vog075,Florida,r,f,0.748346176933576,1.24761667762509,-0.315612028918755,1.80800678627116,1.59931981708501
sub-Vog076,Florida,r,f,1.94190710899023,-2.59265362867501,-2.11230910944908,2.17756979424571,1.76867782849013
sub-Vog077,Florida,r,f,0.369505438781811,0.661146215397714,-0.29139104130292,1.70196413319193,1.58831767155956
sub-Vog078,Florida,r,m,0.0164132595076475,2.88736530298515,-1.78275058358691,2.16598995827888,2.07966663642841
sub-Vog079,Mainz,r,f,0.275484572029318,-0.74560541723692,-0.170303567623126,2.89046032506121,2.55881186837392
sub-Vog080,Mainz,r,f,0.182832348483465,0.333802813827103,-0.0927521616332972,3.14173950323652,3.11979442147819
sub-Vog081,Mainz,r,f,-0.0886107467822352,0.0623200307475351,0.0945998005035587,1.96814630248301,2.09440314676984
sub-Vog082,Mainz,r,m,0.312307199450226,0.289429821614347,0.674574192830301,1.7856196181023,1.714772469236
sub-Vog083,Mainz,r,f,0.111851370581719,0.0712781510811356,0.13245422566442,1.66407057836116,2.38521213631286
sub-Vog084,Mainz,r,f,0.13446142897385,-1.18830251653209,-1.0492807811077,1.5678328328667,1.27584378522655
sub-Vog085,Mainz,r,f,0.942541658137609,-0.165957853775311,-0.257939457246432,3.02823980145777,2.90464238263222
sub-Vog086,Mainz,r,m,0.0769408627555012,-0.486773775909512,-0.0510119171181255,2.5084466546354,2.3914490208792
sub-Vog087,Mainz,r,f,-0.584745975795533,-0.942583221049584,-1.31254835775976,1.82089184378187,2.1610849906108
sub-Vog088,Mainz,r,f,-0.653894725821135,-0.462463114462061,-0.345201095652243,0.998739466025603,0.868029144798181
sub-Vog089,Mainz,r,f,0.327984781834072,0.208375937007094,0.448407398919979,2.2605295964787,2.16397623664742
sub-Vog090,Mainz,a,f,0.143837540276797,0.0996380012464794,0.176783531846116,1.79347183896461,1.97889514417578
sub-Vog091,Mainz,r,m,-0.296547707932627,-0.842015770307554,-0.936997336669891,2.50131128916014,2.50633193170824
sub-Vog092,Mainz,r,f,0.286729883353318,0.0975937942155384,-0.0259557696751418,1.6037132371431,1.43883610098352
sub-Vog093,Mainz,r,m,0.701212481442717,0.141743898338892,0.0296199526134239,2.14638103812394,2.33019188656587
sub-Vog094,Mainz,r,f,-0.648845922178523,-1.01446254597377,-0.0828969311651402,0.215972342089989,0.182478041428464
sub-Vog095,Mainz,r,f,0.20863071805336,-0.577936538901301,-0.51167514779421,2.73696930752206,2.70648458303452
sub-Vog096,Mainz,r,m,-0.310407693210684,-0.88233302174304,-0.672592743302778,2.10112533954979,2.42531785200718
sub-Vog097,Mainz,r,m,-0.699475414978959,-1.22271584624314,-1.78785664288101,2.30551456606072,2.54640453518878
sub-Vog098,Mainz,l,f,-0.998963726028745,-1.37516117667199,-1.17624600569605,2.31089768831096,1.88707093917611
sub-Vog099,Mainz,r,m,0.556145075107769,-0.160794157376531,0.357347933540859,1.93616737421352,2.49249372411979
sub-Vog100,Mainz,r,f,-0.797656663572313,-0.906706620337932,-0.851717815995078,1.30660558008514,1.29350130531573
sub-Vog101,Mainz,r,f,0.870460028896617,-0.0792297882981743,-0.191023938066456,2.78131459964712,2.49071234343284
sub-Vog102,Mainz,r,f,0.018233426169669,-1.05672506375287,-0.475235899724186,3.07403599685256,3.22872606555054
sub-Vog103,Mainz,l,m,-0.099731080919869,-0.156058219275715,-0.35067202607548,1.75824034900788,1.67830111346292
sub-Vog104,Münster,r,f,0.319174621146668,-0.229933048794684,-1.07609661647554,3.5419952844807,3.71352442827891
sub-Vog105,Münster,r,m,-0.973406443118024,-0.381891689171525,-1.1074912218607,2.56570252514125,2.74916122101662
sub-Vog106,Münster,r,m,-0.880220723542304,-1.69768455921662,-1.76249713107351,2.26891405586275,2.78890512206943
sub-Vog107,Münster,r,f,0.0869516179979541,-0.832178492765478,-1.42602938790739,3.18799788432257,3.03124068202562
sub-Vog108,Münster,r,f,-0.431093379278513,-0.402694184247048,-0.771487967122286,2.23944860276961,2.40412560953179
sub-Vog109,Münster,r,m,0.113847656385317,0.464075743022215,0.445526075660283,2.47383107860181,2.63636751591698
sub-Vog110,Münster,r,m,-0.624288652709043,-0.955933240136017,-1.54207576544753,2.68054924068218,2.64213915995395
sub-Vog111,Münster,r,f,-0.959765747400421,-0.0520106270082577,-0.362517798758158,2.6710494108291,2.77880250498671
sub-Vog112,Münster,r,f,-0.820854527155236,-0.593138739125619,-0.508091497066006,2.72009782326163,3.14318874672798
sub-Vog113,Münster,r,f,-1.09627904040779,-0.941265922494534,-0.674279521598531,3.24900768367048,3.08191936494988
sub-Vog114,Münster,r,f,-0.765905542919099,-1.06223137099005,-0.215500376152996,2.34823004601487,2.62835671037313
sub-Vog115,Münster,r,f,-1.25546170974721,-1.94644056930625,-1.70331312436024,2.86264832329989,2.83305399205506
sub-Vog116,Münster,r,f,0.197834623659762,-0.589769751398318,-0.485592792287387,1.99288880511967,2.01779056994734
sub-Vog117,Münster,r,f,-0.269901503395486,-0.477134226225754,-0.602244079190609,1.6473934675812,1.53016920687544
sub-Vog118,Münster,r,f,0.0359895710746534,-0.949037310829737,-0.736558153965502,2.40855092204717,2.5244640283508
sub-Vog119,Münster,r,m,0.195370193774675,0.0159757965372081,0.547273937487314,2.83788564128414,2.82669737123943
sub-Vog120,Münster,r,f,0.230220909776688,-0.398800184259142,-0.128917812787108,3.19863667681143,3.16219110695447
sub-Vog121,Münster,r,f,-0.761803982233496,-1.5368974936299,-1.76747576117846,2.98117635619304,3.17023907467282
sub-Vog122,Münster,r,f,0.643211148450917,-0.736765219117601,-0.857259139986227,3.05744119434558,3.0622361006277
sub-Vog123,Münster,r,f,-0.515527395613141,-0.538471615524244,-0.341037941851744,2.88610904422069,2.80681234625578
sub-Vog124,Münster,r,f,-0.138585015393274,-0.591639581069695,-0.532084792131164,2.95909425977557,3.09654500223261
sub-Vog125,Münster,l,f,-0.489979920470493,-0.0162805018210416,-0.360956788942686,2.14281471395023,2.13449192427652
sub-Vog126,Münster,r,f,-0.963024642306997,-0.830773038210638,-1.74006054775762,2.91776610294147,3.24413777284026
sub-Vog127,Münster,r,f,0.0416973444130822,-0.344588154658935,-0.212012253843159,2.84588009101712,3.29659127352175
sub-Vog128,Münster,r,f,-0.437576790755916,-0.792638677169419,0.799151967811262,2.05210594446426,1.75960624934031
sub-Vog129,Münster,r,f,-0.917993568710947,-1.35004407511855,-1.32067298024635,3.06115201862865,3.37674929424823
sub-Vog130,Münster,r,f,-0.558671549433988,-0.320229841788204,-0.517166975227434,-0.162893436818116,-0.159085227810848
sub-Vog131,Münster,l,f,-0.78565650649169,-1.97330672832542,-1.97769427650508,2.18957752322689,2.07556873117819
sub-Vog132,Münster,r,f,-1.0629183545183,-1.70170449016259,-0.941890091559086,2.8249777680047,3.19069050679288
sub-Vog133,Münster,r,f,-2.14482650537948,-1.39830509728056,-2.01195345456398,2.43237270463045,3.15592666517842
sub-Vog134,NorthDakota,n/a,m,-1.18001825607726,-1.16134052917347,-0.560818844394716,2.82524291292073,3.11449752981975
sub-Vog135,NorthDakota,n/a,f,-0.157049969809781,0.178449890087589,-0.433814445739721,1.60783234177505,1.55481215614343
sub-Vog136,NorthDakota,n/a,m,-0.994413536411559,-1.48902949443527,-1.96923332174451,1.88777295043262,2.017177341138
sub-Vog137,NorthDakota,n/a,m,0.0261207928501985,0.338857366889317,-0.323099746343722,2.04942121443266,2.09253495027591
sub-Vog138,NorthDakota,n/a,m,-1.74790135889844,-1.46382987118608,-0.814543469436672,2.13992625285507,2.17133284094002
sub-Vog139,NorthDakota,n/a,f,-0.363447661804126,-0.0604940609571933,-0.60829302656496,1.09414034696541,0.95280161206697
sub-Vog140,NorthDakota,n/a,m,0.419094009750195,0.00332032284813303,0.453338369508392,1.91002588728531,2.00392287862723
sub-Vog141,NorthDakota,n/a,m,-0.996457374907645,-0.765324214197764,-0.540614213094042,1.90180065667723,1.89846183172152
sub-Vog142,NorthDakota,n/a,m,-0.785997611468713,-0.397028780451049,-0.376986522731509,1.23805853024859,1.39563578540363
sub-Vog143,NorthDakota,n/a,f,-0.19276599694846,-0.127839295047223,-0.870429837666172,1.15434441042378,1.47224104825616
sub-Vog144,NorthDakota,n/a,f,-0.59324985903261,-0.760323387594778,-0.693605402054808,1.04761365519161,0.927328496116025
sub-Vog145,NorthDakota,n/a,f,0.0822326774276444,0.0723804963337334,0.723627376155943,-0.00840482029552729,-0.00608894545069527
sub-Vog146,NorthDakota,n/a,f,-0.439055668945652,-0.0499854601497509,-0.937213511360159,1.82241459175065,1.68319947083039
sub-Vog147,NorthDakota,n/a,f,1.25131003313467,0.599198734169747,0.240165569207595,1.73933133959524,1.81068551800512
sub-Vog148,NorthDakota,n/a,f,0.240462969658389,-0.0294054023623364,0.457437891382078,1.45342297300232,1.69795019383539
sub-Vog149,NorthDakota,n/a,m,-0.116533002323396,0.278292603292911,-0.130076320076798,1.0156933481112,0.951491805875918
sub-Vog150,NorthDakota,n/a,m,-1.17655992193804,-0.903909957248335,-0.901341194717534,1.88058824708957,2.18232851527293
sub-Vog151,NorthDakota,n/a,m,-0.506388191595874,-0.604603823420592,-0.328037058119052,1.42632749504407,1.67367758161088
sub-Vog152,NorthDakota,n/a,m,-0.1906445957267,-0.458992666258494,-0.319519023238611,2.03976528848021,2.01665175427467
sub-Vog153,NorthDakota,n/a,m,0.644462746696514,0.0217119545056677,0.239388536851945,0.956535813971742,0.898940997229711
sub-Vog154,NorthDakota,n/a,f,-0.621996090009219,-0.934714509786169,-0.938775595781514,0.544592386960178,0.496292446650382
sub-Vog155,NorthDakota,n/a,m,-0.579559364592684,-0.281058568887636,1.08582917405232,2.49126809106453,2.92615334167188
sub-Vog156,NorthDakota,n/a,m,-0.0144288505663688,-0.258339558781654,-0.381333869121455,1.16606056880234,1.51434704906217
sub-Vog157,NorthDakota,n/a,f,0.235487246812654,0.548424903097306,-0.0393412615191817,0.99180256264367,0.821806479035987
sub-Vog158,NorthDakota,n/a,f,-0.656836475035162,-1.35324148701002,-0.52358990555595,2.71951396356547,2.65612414377296
sub-Vog159,NorthDakota,n/a,m,-0.184207580368308,-0.459238436201219,-0.976765340649346,1.21495484880187,1.31552699674359
sub-Vog160,NorthDakota,n/a,f,-0.783209136870368,-0.275737817071463,0.525390497543032,0.695970275911801,0.659967200407965
sub-Vog161,NorthDakota,n/a,f,-0.0671080152161809,-0.993435047437932,-0.870686539056738,2.19839491727462,2.14063140564811
sub-Vog162,Ohio,n/a,n/a,-1.56181076590393,-2.50416853436489,-2.67992181969768,2.34032849212671,2.34123505995554
sub-Vog163,Ohio,n/a,n/a,-0.613177334835152,0.1571716188991,-0.805743227027089,1.99642828015532,2.02960389451636
sub-Vog164,Ohio,n/a,n/a,10.0102073411732,3.27961797081461,4.13051234657667,1.77068311506058,1.65155705417331
sub-Vog165,Ohio,n/a,n/a,-0.654449902187583,-0.703093139008095,-0.767855615741112,2.67977381242695,2.72916332512666
sub-Vog166,Ohio,n/a,n/a,-0.799468780921156,-0.752998713917559,-1.04389009987684,2.04122283140333,1.83915223446475
sub-Vog167,Ohio,n/a,n/a,-1.5808756133222,-1.21308682673673,-1.2438251438152,2.60188243909225,2.75018263627681
sub-Vog168,Ohio,n/a,n/a,-1.0003255151486,-1.60901291065932,-1.61116606898236,2.0097727659882,2.08924073552647
sub-Vog169,Ohio,n/a,n/a,0.127469588394823,-0.900254495549197,-0.665870209303964,2.43526984913734,2.43931561397073
sub-Vog170,Ohio,n/a,n/a,-0.735855816631923,-0.633302815291499,-0.085836808284353,1.93041636601412,1.92145032053235
sub-Vog171,Ohio,n/a,n/a,-2.62447320376106,-1.23189125655239,-1.97724151949849,2.07034771939129,2.04612398756852
sub-Vog172,Ohio,n/a,n/a,-1.18399771509424,-2.18646220185902,-2.14625384830861,1.86384063805694,1.63959012075589
sub-Vog173,Ohio,n/a,n/a,-0.357959600501428,-0.832129307140093,-0.464230033607242,2.68522242473617,2.75152574343865
sub-Vog174,Ohio,n/a,n/a,0.0368874622946755,-1.79712228500473,-1.45097447154989,2.90188923025442,2.66021247852846
sub-Vog175,Ohio,n/a,n/a,-1.30726007145649,-1.27228992955461,-1.25991855986305,1.72127944898576,1.83841213554469
sub-Vog176,Ohio,n/a,n/a,-0.831731739470518,-1.10965570317605,-0.566188463660811,2.1665884450776,1.9696118125358
sub-Vog177,Ohio,n/a,n/a,-1.38827292071864,-2.56965838998858,-1.83172599516134,1.97287586380145,1.79550065708038
sub-Vog178,Ohio,n/a,n/a,-1.01473018106695,-2.32223658628979,-2.35106302002151,3.34941727794396,3.39194095938259
sub-Vog179,Ohio,n/a,n/a,1.09701575171088,0.348866094200668,-0.26651779452342,1.93541620507023,1.98416775141506
sub-Vog180,Ohio,n/a,n/a,-0.342319885378391,-0.407365451439185,0.218576395621564,2.32840058688298,2.05271195971917
sub-Vog181,Ohio,n/a,n/a,-1.0771802865746,-2.00847048617691,-0.424193315103785,3.1591655643739,3.38413283773808
sub-Vog182,Ohio,n/a,n/a,0.0285054766661088,-0.435335965982123,-1.25649230009169,1.75304008448795,1.9365893036832
sub-Vog183,Ohio,n/a,n/a,0.19872632250812,-0.144770635472546,0.267888235657294,2.38511925803279,2.56645935025183
sub-Vog184,Ohio,n/a,n/a,-0.910192044664245,-0.839392194020247,-1.0880224018555,2.34938056808442,2.24206386504711
sub-Vog185,Ohio,n/a,n/a,-0.436505182204776,-1.27429606460701,-0.522258987147268,2.73704093567251,3.28284494469348
sub-Vog186,Reykjavik,n/a,n/a,6.93055824866549,0.0823809014529382,-1.91245626104861,-0.899506688056586,-0.7951578440673
sub-Vog187,Reykjavik,n/a,n/a,-2.79754160071823,-2.20182725014201,-1.02947787120472,1.93861956295031,2.55832060841112
sub-Vog188,Reykjavik,n/a,n/a,-1.10677512565774,-0.933943845680791,-0.799170305835375,1.81942982699627,2.00465510480338
sub-Vog189,Reykjavik,n/a,n/a,-1.1144408233288,-2.19272925081101,-2.15764702452118,3.04648813954077,3.53202488384741
sub-Vog190,Reykjavik,n/a,n/a,-1.00862695065686,-0.728739348773126,-0.760665740570603,1.30165506138305,1.35776977051843
sub-Vog191,Reykjavik,n/a,n/a,-0.201113310837395,0.0406252881888614,0.16460465359832,1.66706607321939,1.75782345170958
sub-Vog192,Reykjavik,n/a,n/a,-0.634707130996706,-0.24237988216005,0.387721074171656,2.11182343637739,2.08794066283377
sub-Vog193,Reykjavik,n/a,n/a,-1.14305043856326,-2.19836448450809,-0.804344943082059,2.10169611233188,2.20786306755121
sub-Vog194,Reykjavik,n/a,n/a,-1.02943124794189,-0.504130561222599,-0.53903567188065,1.65339884897432,1.73097819413535
sub-Vog195,Reykjavik,n/a,n/a,-0.207601738320452,-0.126139162074756,-0.552858495953689,0.407327936731923,0.34184258910782
sub-Vog196,Reykjavik,n/a,n/a,0.0219985717784373,-0.774155734258691,-1.6620792480992,1.50030057493868,1.23487753790606
sub-Vog197,Reykjavik,n/a,n/a,0.148400819332264,-0.51922648093098,-0.455836010418673,1.95405068178734,1.6848641863159
sub-Vog198,Reykjavik,n/a,n/a,-0.0921960969417416,0.302502445051491,-0.504506316862711,1.7789031523324,1.95874573839605
sub-Vog199,Reykjavik,n/a,n/a,0.234875959759366,-0.462874587552135,0.0711509362985887,2.04187886221501,1.86592854367738
sub-Vog200,Reykjavik,n/a,n/a,0.59810042527356,0.211411028130391,0.394442856025503,1.6794983189172,2.06873953421041
sub-Vog201,Reykjavik,n/a,n/a,-0.0651869470421108,0.172445248390419,0.202037661360157,2.43514510674384,2.64055625298821
sub-Vog202,Reykjavik,n/a,n/a,-0.204832454016974,-0.665841670040871,-0.732723247335067,2.0074706717038,2.302808088385
sub-Vog203,Reykjavik,n/a,n/a,-0.585569647770021,-0.499898002438709,-0.917150417715947,2.06540664292097,2.18337557925126
sub-Vog204,Reykjavik,n/a,n/a,-0.563285041853744,-0.756438627270331,-1.27518744426176,1.71505167552049,1.72830151022938
sub-Vog205,Reykjavik,n/a,n/a,0.00896390144341956,-0.178170125945601,-0.18826611812732,1.53244740731245,1.61049124874235
sub-Vog206,Reykjavik,n/a,n/a,0.130913455434829,0.161360808993502,-0.0992425561091334,1.39657488402762,1.33442302473665
sub-Vog207,Reykjavik,n/a,n/a,0.0141276334273154,-0.179236364510866,-0.0233032155624188,1.53913570103791,1.53101405146307
sub-Vog208,Reykjavik,n/a,n/a,-0.368142812886599,-0.417543551868217,-0.15479723704179,1.48694452006269,1.42678118134258
sub-Vog209,Reykjavik,n/a,n/a,-0.116260507618715,-0.147893541989115,-0.498876887312687,1.86246768112845,1.90446004051292
sub-Vog210,Reykjavik,n/a,n/a,-2.64982453760313,0.681930086891895,-1.43972473722268,1.67340913438917,1.94864842330099
sub-Vog211,Reykjavik,n/a,n/a,-0.443571944939496,-0.313395165469933,-0.200446867536274,1.3058312194294,1.08469362651817
sub-Vog212,Reykjavik,n/a,n/a,-0.00631685772644602,-0.226295336683744,-0.223908294759553,0.0344660429950849,-0.00293813990088674
sub-Vog213,Reykjavik,n/a,n/a,0.152732357905199,0.00951795140582879,0.429372932130183,1.96896362938841,1.92996085065005
sub-Vog214,Reykjavik,n/a,n/a,0.791466267950642,-0.104620911119568,0.0976458512607112,1.88154077890552,1.82558721695754
sub-Vog215,Reykjavik,n/a,n/a,0.181351247532787,0.341200274873733,0.289663013407921,1.24019832026692,1.07677988993003
sub-Vog216,Sheffield,r,f,0.167515913485556,0.00306417189982951,0.535306779732898,1.00137964036448,1.14358332987941
sub-Vog217,Sheffield,r,f,-0.333196431339565,0.123771853443485,-0.0961439684010134,1.03984197368919,0.986537340664237
sub-Vog218,Sheffield,r,f,-0.0551479496282552,-0.181150075020489,0.714931706416393,2.69475844621916,2.75548037917313
sub-Vog219,Sheffield,r,m,0.225951917997314,-0.155952421081008,0.137342558485894,2.21830872278627,2.26730690301952
sub-Vog220,Sheffield,a,f,-0.373837493481188,-0.853860639289202,-1.02425147238769,2.41191753770217,2.33211400612925
sub-Vog221,Sheffield,r,f,1.63274410487387,-0.118584982334236,-0.280629562062771,0.974750620737857,1.17345219110853
sub-Vog222,Sheffield,r,f,0.591824953547572,0.188716589911589,-0.911562054156006,1.50552066980638,1.29452468678616
sub-Vog223,Sheffield,r,f,-0.05715249186054,-1.05317586583019,-0.646243665768155,1.8806322431719,1.58042108190425
sub-Vog224,Sheffield,a,f,0.251463989865019,-0.327578439618445,0.133458838315927,0.977770760138764,0.880177851631333
sub-Vog225,Sheffield,r,m,0.104706860375666,-0.00825962160957116,0.299870049057548,1.51777941038014,1.60379747412317
sub-Vog226,Sheffield,r,f,-0.740546423815461,-2.12878264896674,-0.177282248010635,1.54276781314839,1.75515626249599
sub-Vog227,Sheffield,r,f,0.456909584249513,-0.195220243554605,-0.858596263169676,0.992375676118004,0.979496942297094
sub-Vog228,Sheffield,r,f,-0.493088057986796,-1.45665577939181,0.56404641997097,2.66272480906627,3.08083879601979
sub-Vog229,Sheffield,r,f,0.287945076845936,0.33714294927427,-0.239946959083019,1.80004362195947,1.64875129326261
sub-Vog230,Sheffield,r,f,-0.318546985064571,-1.59244221540861,-1.09628200246387,1.38173949749413,1.53169134634951
sub-Vog231,Sheffield,r,f,0.553338968282437,-0.599863795496685,0.385324916551537,1.43737177212106,1.55106971546194
sub-Vog232,Sheffield,r,f,0.0903726776970079,-0.667972711822854,-0.974577326916818,1.78912821273714,1.50558095894073
sub-Vog233,Sheffield,r,f,-1.65722212418349,0.219062934873621,-0.602086978610944,2.43667969688024,2.43332174663296
sub-Vog234,Sheffield,r,m,-0.396702863221474,-0.622386487108054,-0.727776881532401,2.13582310753883,1.91760732876911
sub-Vog235,Sheffield,r,f,1.52465669193454,0.779873199279232,0.194465255149294,3.73359063221228,3.8121364200236
sub-Vog236,Sheffield,r,f,0.0198066869160401,-0.551125729333776,-0.766089490355415,2.82943484551478,2.77081558591069
sub-Vog237,Sheffield,r,f,-2.09545675045519,-2.0822087887681,-1.47954157615319,2.43491857472455,2.20938327978221
sub-Vog238,Sheffield,r,f,-0.530726004306939,-0.479751375738697,-0.517852989434872,2.20275022826854,2.15163763997344
sub-Vog239,Sheffield,r,m,-0.198984169545911,0.214915334860165,-0.0327991864012554,1.57856954250156,1.68134517671393
sub-Vog240,Sheffield,r,m,0.014888959998179,0.438700602407816,0.303121731077802,2.16691777705968,1.93141107511982
sub-Vog241,Zürich (Prof. Langer),r,m,0.71798901626899,-0.0646914936653536,-0.304066097966938,2.03387116061393,1.83734563096491
sub-Vog242,Zürich (Prof. Langer),r,f,-0.766958798270821,-0.758677015989308,-0.968536733269848,1.74508106272812,2.59472919843159
sub-Vog243,Zürich (Prof. Langer),r,f,-0.0599339059048833,-0.878670099965923,-0.375068163352846,-0.0532816072814735,-0.035411324941074
sub-Vog244,Zürich (Prof. Langer),r,f,-0.968127519503099,-3.5289578691215,-2.71245406866269,2.13307548206655,2.1041941923639
sub-Vog245,Zürich (Prof. Langer),r,f,0.241061209607862,-0.250765583722077,-0.466841721511806,2.38885706287928,2.4628555316954
sub-Vog246,Zürich (Prof. Langer),r,f,-1.2704933127398,-1.33875412236422,-1.36420929154263,2.46749013775411,2.45996840742183
sub-Vog247,Zürich (Prof. Langer),r,m,-2.7805959604978,-2.95490391268859,-1.40452053839367,1.91275920345087,1.94957592469533
sub-Vog248,Zürich (Prof. Langer),r,f,-1.20087575138183,-1.20398455213521,-1.31656570096226,2.45008763566638,2.3946506567452
sub-Vog249,Zürich (Prof. Langer),r,f,-0.341815119294221,-0.526193797154707,-0.521674320009611,2.92653439521591,2.82475771873164
sub-Vog250,Zürich (Prof. Langer),r,f,-0.934533334770956,-1.62554891866165,-1.62889429008954,3.00490841316703,3.05341437424262
sub-Vog251,Zürich (Prof. Langer),r,f,-0.797150211027655,-1.51239149473561,-1.58430683178873,1.92854263633074,1.9756312269476
sub-Vog252,Zürich (Prof. Langer),r,m,-0.316733548737824,-1.11672452932102,-0.471157682017391,2.26637058913751,2.02882520218589
sub-Vog253,Zürich (Prof. Langer),r,f,0.448367592425509,-0.302011839225143,-0.339353105213765,1.58146354587033,1.63886867061153
sub-Vog254,Zürich (Prof. Langer),r,f,-0.651270019490847,-0.911050762404307,-1.0426383663288,2.24901832915083,2.14470071944739
sub-Vog255,Zürich (Prof. Langer),r,f,-0.262412593960587,-0.420434854056052,-0.796840697399249,2.67559175831521,2.44170125337237
sub-Vog256,Zürich (Prof. Langer),r,f,0.360739188986492,0.170255133195133,0.330968380056333,2.18303077377225,2.16104989802172
sub-Vog257,Zürich (Prof. Langer),r,m,-0.8861847857045,-1.30313837348146,-0.958703160169355,1.88407423615388,2.29907712709412
sub-Vog258,Zürich (Prof. Langer),r,f,-0.970712429078198,-1.68319581863733,-1.10937901970061,1.7369056220553,2.22736559477667
sub-Vog259,Zürich (Prof. Langer),r,f,0.310933384025649,-1.0233015830726,0.100608724595279,2.30923446254142,2.17787678881651
sub-Vog260,Zürich (Prof. Langer),r,m,-0.431401186104211,-1.26656698527089,-1.34658378075434,2.55568535399694,2.95292686646534
sub-Vog261,Zürich (Prof. Langer),r,f,-0.223254621006872,-0.648466815900993,-0.69303614970164,2.12597238193523,2.34237762935816
sub-Vog262,Zürich (Prof. Langer),r,f,-0.0929257418461799,-0.475701796027875,-0.463529625078087,2.03800191042924,2.52070030481091
sub-Vog263,Zürich (Prof. Langer),r,m,-0.605088687092978,-1.67425465329184,-1.44184064222153,2.25552119423694,3.36727807036755
sub-Vog264,Zürich (Prof. Langer),r,m,-0.35250038947128,-0.623457348970057,-0.566612756087955,1.95098743543554,1.82234574515363
sub-Vog265,Zürich (Prof. Langer),r,f,-0.00860011960285376,-0.734755805136818,0.0310133115195253,2.3058297033945,2.094751680178
sub-Vog266,Zürich (Prof. Langer),r,m,-0.58321516891132,-1.50331915872292,-1.67153245859012,1.89135077799015,1.87211444154377
sub-Vog267,Zürich (Prof. Langer),r,m,-0.579408476580397,-2.11344923946384,-1.62770816642611,2.34545613357436,1.89654743970352
sub-Vog268,Zürich (Prof. Langer),r,f,-0.102678034617123,-0.938390219634227,-1.2914988760929,2.04527721849392,2.28743278622
sub-Vog269,Zürich (Prof. Langer),r,f,0.529944541360276,-0.978039255542587,-0.892360684786229,3.13887594796645,3.06708181086652
sub-Vog270,Zürich (Prof. Langer),r,m,-0.120599084083611,-0.766480891367823,-0.571343793295618,1.52758426708825,1.83888397693281
sub-Vog271,Zürich (Prof. Langer),r,m,-0.191672834372318,-0.338574953690645,-0.794463302872941,2.72110399594774,2.68079202718893
sub-Vog272,Zürich (Prof. Langer),r,f,-0.164772790310761,-0.302907259698768,-0.546631970054832,2.84120052772589,3.26855058185135
sub-Vog273,Zürich (Prof. Langer),r,m,-0.669013589776333,-0.442431600872389,0.116765068031028,1.84093153983581,1.73535648358356
sub-Vog274,Zürich (Prof. Langer),r,f,0.00909779624846884,-0.162529118264036,-0.0352213808046909,2.76531453146724,2.90390340885848
sub-Vog275,Zürich (Prof. Langer),r,f,-0.0527471555181077,-0.527118319372662,-0.271905632119928,3.29116244137187,3.48737150900645
sub-Vog276,Zürich (Prof. Langer),r,m,-0.0963885420276281,-0.310518859303224,0.302130056652601,2.71346251598323,2.24052648925082
sub-Vog277,Zürich (Prof. Langer),r,f,-0.866365672210179,-1.04646590466265,-0.88320643420891,2.83820118865838,3.23463139515653
sub-Vog278,Zürich (Prof. Langer),r,m,-0.476013118241074,-0.513679235184607,-0.499650304203529,2.22574032172395,2.51210131496218
sub-Vog279,Zürich (Prof. Langer),r,m,-0.371361032050191,-0.766504880563398,-0.788424123248771,2.71716310149593,2.66867400069144
sub-Vog280,Zürich (Prof. Langer),r,f,0.0477652220690586,0.0977618104999238,-0.133018631671412,1.79909297052154,1.60792523832702
sub-Vog281,Zürich (Prof. Sauseng),r,m,-2.02080247746699,-2.41709074911348,-1.92185365881619,2.38614681887994,2.50243711089961
sub-Vog282,Zürich (Prof. Sauseng),r,f,0.810755507535644,-0.0127944291655979,0.449804603597196,1.35307251228304,1.27639540522881
sub-Vog283,Zürich (Prof. Sauseng),r,m,-0.113303739850015,-1.22628888009873,-1.29504963551827,1.80042961983197,1.7802095507012
sub-Vog284,Zürich (Prof. Sauseng),r,m,-0.838289577779557,-0.67011841644633,-1.30666011478151,3.16271119256125,3.29960336541782
sub-Vog285,Zürich (Prof. Sauseng),r,f,0.240342640982126,0.25882084550443,0.483052513589402,2.50527277272465,2.72027534207684
sub-Vog286,Zürich (Prof. Sauseng),r,m,-0.635425485774473,0.0768302719273414,-0.292103200615253,1.50320406404044,1.30887709072179
sub-Vog287,Zürich (Prof. Sauseng),r,f,-0.916998302062269,-1.31372759158972,-1.37299622327189,2.8472829992352,2.91214078841533
sub-Vog288,Zürich (Prof. Sauseng),r,f,0.318214992459692,-1.31627169333228,-1.013764430652,3.19452463294665,3.15463504450812
sub-Vog289,Zürich (Prof. Sauseng),r,f,-1.73198090320293,-1.57659298636718,-2.2771851610579,2.97549946102506,3.07105016501517
sub-Vog290,Zürich (Prof. Sauseng),r,f,-0.752576895927766,-2.03749313970401,-1.84240814759189,2.53894449141308,2.41102857513824
sub-Vog291,Zürich (Prof. Sauseng),r,f,-0.393167162797002,-0.115765534452826,0.0568320163796773,2.15893701370065,2.22123728024141
sub-Vog292,Zürich (Prof. Sauseng),r,m,-0.10254193877574,-1.55396321798662,-1.10196099335219,2.28923604422562,2.04990196927096
sub-Vog293,Zürich (Prof. Sauseng),r,m,0.404743001066297,-0.436310300419146,-0.210489509628261,1.60724302047813,1.6663848962747
sub-Vog294,Zürich (Prof. Sauseng),r,f,-0.558962065116013,-0.27328328530798,-0.840075150902132,2.53550416193648,3.13210772526298
sub-Vog295,Zürich (Prof. Sauseng),r,f,0.618159856857669,0.307841350520834,0.952535598489386,2.61048635345881,2.24910884304189
sub-Vog296,Zürich (Prof. Sauseng),r,m,-0.168697507604241,-0.328095379887565,-0.522034031788692,1.90314107694863,1.91113618433095
sub-Vog297,Zürich (Prof. Sauseng),r,f,0.0284848333848167,-0.650518008110252,-1.04470918740919,2.72000865366588,2.66806048720997
sub-Vog298,Zürich (Prof. Sauseng),r,f,-1.24304627382725,-1.87381161741361,-1.22366764617437,3.20684330794432,3.65118002974397
sub-Vog299,Zürich (Prof. Sauseng),r,f,-1.10643418958822,-2.30809048074773,-0.664856969453365,2.48562178041147,2.56636913877535
sub-Vog300,Zürich (Prof. Sauseng),r,m,-0.472431318122246,-0.32145130586997,-0.585469917317154,2.8388956860415,2.78588102533158
sub-Vog301,Zürich (Prof. Sauseng),r,f,-0.738516950304894,-0.0117363626150178,-0.628907586289147,1.91152912176408,1.67671860077747
sub-Vog302,Zürich (Prof. Sauseng),r,f,0.544802509825694,-0.32176124605194,-0.328207085546723,2.41076696165192,2.54434243556179
sub-Vog303,Zürich (Prof. Sauseng),r,f,-0.337519650920324,-1.19622143187265,-0.389876613406857,1.30063917313777,1.08581143063126
sub-Vog304,Zürich (Prof. Sauseng),r,f,-0.922256328679238,-0.523190582015407,-0.722329089121497,2.49378017140991,3.1552623171398
