ID,Lab,Hand,Sex,CDA2,CDA4,CDA6,Contra,Ipsi,K,D_prime
sub-Vog001,Dartmouth,r,f,-0.176668889764061,-0.140585941746515,-0.226827469792932,-1.28730645619428,-1.10463207566571,2.79276791267099,2.58800220150584
sub-Vog002,Dartmouth,r,f,0.274203066490706,0.19715876440005,-0.0590249594381161,-2.15903922839598,-2.30726129401406,2.77101086617203,2.74421268998142
sub-Vog003,Dartmouth,r,f,-0.0556277878559124,-0.409643246133884,-1.03913528550658,-1.04588202187031,-0.545009454909086,1.99974363442821,1.73109063512027
sub-Vog004,Dartmouth,r,f,0.101755488796802,-0.0489836199556846,-0.614290851591529,0.529548175977375,0.704321809084201,2.39118008601577,2.82729591385549
sub-Vog005,Dartmouth,r,f,-0.574548773403126,-0.912053158888038,-0.777949861018405,-3.72749862243373,-2.96902181059298,2.23807602588893,2.05867841373431
sub-Vog006,Dartmouth,r,f,-0.265762665318921,-1.24502799889642,-0.816655358666607,1.44249677525181,2.15551226930432,2.8329682042616,2.59042445159651
sub-Vog007,Dartmouth,r,f,-0.00296686504771246,-0.752067468410644,-0.908014029882961,-1.74133332921126,-1.18658921702978,2.70849820529076,2.42657688000991
sub-Vog008,Dartmouth,r,m,-0.0638930841847415,0.183848209965513,0.340522628373278,-0.629361355068359,-0.802657396146336,1.17868126948338,1.13508708577577
sub-Vog010,Dartmouth,r,o,-0.833031337124714,-0.483680003333629,-0.217132277536852,-1.74410734042076,-1.2589132411831,2.16793974380546,1.85399883512149
sub-Vog011,Dartmouth,r,f,-0.511598257185187,-1.03342818777122,-0.508910619678059,0.0842323479072918,0.775143440485672,1.86754396770878,2.39442847398863
sub-Vog012,Dartmouth,l,f,-1.26084657132995,-1.33446177200506,-0.849050739927245,-2.45929630869787,-1.31067934027088,2.42030801019688,1.98110498777183
sub-Vog013,Dartmouth,r,f,-0.438405304101898,-0.870056288370115,-0.150028466950203,-1.30799682520935,-0.844799209955598,1.67272352306618,1.9693552593427
sub-Vog014,Dartmouth,r,f,-2.37792259205445,-3.20830355242689,-3.22758326794796,-2.29295010796568,0.644412461312439,2.21631451500403,2.01740588838794
sub-Vog015,Dartmouth,r,f,-0.69752062221709,-0.813398426089424,-0.956905105433285,-1.88884399657462,-1.06217266890843,2.15605010155291,2.0421828590382
sub-Vog016,Dartmouth,r,f,-0.533289195677792,-0.187480901400187,0.149358844135869,-5.75781069854682,-5.58365097921086,1.22947820666916,1.08890090305522
sub-Vog017,Dartmouth,r,m,0.246808615635968,-0.897952570822121,-2.94663870902973,-2.43450467525218,-1.21060947286549,2.10441230997405,2.22799745540601
sub-Vog018,Dartmouth,l,m,-0.729059631979522,-0.46533446780979,-0.360012671052593,-0.0330373666214095,0.504152125532209,1.4733452450293,1.31212292447766
sub-Vog019,Dartmouth,r,f,-0.845311291827606,-1.14497395431554,-0.384805303977219,-0.544372948313041,0.248020435077915,1.83724173225526,1.57098826901982
sub-Vog020,Dartmouth,l,f,-0.92474973856117,-1.47156991998601,-1.10508001532088,-2.57351229588019,-1.40746504699926,2.3886282586286,2.24576025058921
sub-Vog021,Dartmouth,r,m,-0.765504859682946,-1.3314941565103,-1.19843321583537,-1.88369872938566,-0.794828841991003,3.45322340275804,3.43313396178619
sub-Vog022,Dartmouth,r,f,0.24215119630663,-0.343388698919346,-0.590731552612309,-0.99035098646476,-0.767520339601108,2.16160161632276,1.90819896739047
sub-Vog023,Dartmouth,n/a,m,-0.461221236260547,-0.715155095051634,-0.336602718028331,-0.822181354024838,-0.313153258891633,2.43260265286313,2.0472530836238
sub-Vog024,Dartmouth,n/a,m,-0.394539442515848,-0.281400965293356,-0.694946780559981,-1.97659921764612,-1.55902150863575,2.35585143257143,2.24286059261272
sub-Vog025,Dartmouth,r,m,-0.090066123722637,-0.812049921692479,-0.801165234695001,-1.8158544074496,-1.24310851491017,2.11148329701309,2.60412094857821
sub-Vog026,Dartmouth,r,m,-0.926561264468054,-1.19894384505651,-0.936750841892764,-2.66056349408594,-1.63881113843408,2.12591381189209,1.94914654183969
sub-Vog027,Dartmouth,r,f,-1.68286293956541,-1.82012864246065,-1.91123786781574,-0.0251697775631769,1.83836830204862,2.36654947701123,3.09847923185692
sub-Vog028,Dartmouth,r,f,-0.00511323278631459,-0.415940640127826,-0.166696879507687,-0.979039668588658,-0.788264924262559,2.62578812166656,2.16524510522239
sub-Vog029,Florida,r,f,-1.43809344708642,-0.632434142190647,-0.505428042860367,-1.68728646967698,-0.813902037601697,1.63244721844362,1.30094736026392
sub-Vog031,Florida,l,f,0.0690563216023701,-0.377624716662268,0.408472425177104,-0.489985498748817,-0.566001415088822,1.56541425108298,1.49744128265789
sub-Vog032,Florida,r,f,-0.501285708312193,-0.410648352311329,0.0379968878064953,-0.249832241681754,0.0445546358364292,2.56421003797397,2.20433334045398
sub-Vog033,Florida,r,f,-1.68374077300926,-0.615275638564278,-0.907207747727871,-1.09075137493183,-0.0107804299428336,1.49593724208199,1.17617368470309
sub-Vog035,Florida,r,f,0.120005920812904,-1.21069942842094,-0.469731108060725,-1.65422049631815,-1.12099640131206,2.16024103817418,2.26186737265802
sub-Vog036,Florida,r,m,-1.00834965191527,-0.333861933093559,-0.262479016045151,-0.120562629790482,0.425896957758489,2.25119804562925,2.35046738977216
sub-Vog037,Florida,l,f,0.547672091853234,0.183496157013157,-1.02990303851038,-2.1202623742212,-2.03010037832321,1.50276531841305,1.37166036914623
sub-Vog038,Florida,r,f,0.771192936631025,-0.0551507133634118,0.412925462556328,-0.124667116863089,-0.509488318401444,2.11539648660687,2.11468450713455
sub-Vog040,Florida,a,f,0.100630274698546,0.14496869936204,0.822321436107822,0.0618926488704483,-0.283452539176048,0.684242254697865,0.782424010997368
sub-Vog041,Florida,n/a,m,-0.0705695456941306,0.449558744497817,-0.289828031829259,1.16578514594226,1.13408850449422,1.79664138910282,1.87683257747561
sub-Vog042,Florida,a,f,-0.259305169932757,0.2909654694493,-0.439189567186178,0.765695382823341,0.894823977844783,0.920522436582108,0.721683823049137
sub-Vog043,Florida,r,f,-0.248732588699983,-0.367813308956834,0.0060016678576021,0.972476311983313,1.17042510530756,0.321541017524401,0.290631665333165
sub-Vog045,Florida,l,f,-0.0566084379654012,-0.247783560157787,-0.0114566140885364,2.61853403359292,2.72851495344037,1.63438936247506,1.69957658156271
sub-Vog046,Florida,r,f,1.26303183724385,0.484112719777426,-0.740615031822186,-1.60787762354789,-1.89048522600496,1.46583567218482,1.18022173765666
sub-Vog047,Florida,r,f,-0.846513664822363,1.10222542579142,0.317186538733967,0.491715238071183,0.320354411179108,0.596718509637696,0.709047039553492
sub-Vog048,Florida,l,f,-0.0700311747624454,0.299503170875572,0.143749659129205,0.396139507351419,0.281742197292936,2.13398904771234,2.05750999847645
sub-Vog049,Florida,r,f,-0.716475573417526,0.386250355419653,-0.0468832373169605,-1.69914438862842,-1.61437134651402,1.71367420700815,1.67836140399157
sub-Vog050,Florida,r,f,-1.48327121731769,0.686137622423051,0.787695903305109,-1.00703425114941,-1.02007234111099,1.57627940626307,1.49620638808177
sub-Vog052,Florida,n/a,f,0.115019606120842,0.135209735159735,0.389650266354906,-0.116641653501838,-0.298201499626166,0.988076957322359,0.719534977268804
sub-Vog053,Florida,r,f,-0.0987765951453717,-0.788648178190019,-0.206874699351516,-0.538151936648592,-0.16263119624648,1.09701220719872,1.37275857670775
sub-Vog054,Florida,r,m,-0.543256333379164,-1.00492833808355,-0.138153317306882,1.11470126953784,1.68344723582081,1.51032060182864,1.30111319652045
sub-Vog055,Florida,r,f,0.571073608226891,-0.601565037598246,0.711051246272607,-0.3176951711234,-0.530537977052776,1.78595848802406,2.08391866060294
sub-Vog056,Florida,r,f,0.226401980575778,-0.4112584262273,0.257019352725876,-0.308214279447603,-0.365658893250007,1.47654690130662,1.50871013642211
sub-Vog058,Florida,r,f,0.117887194855206,0.221408675375388,0.316385441092109,-1.11321456138814,-1.32669712210799,1.35322640632316,1.12403129938253
sub-Vog059,Florida,r,f,-0.367248228437178,-0.686691556282728,-1.6263978073518,-0.377077565353584,0.545294225728045,2.15588146661147,2.42069688564098
sub-Vog060,Florida,l,f,-0.549449726879827,-0.401693739517693,0.159913400918984,-0.272950174491938,-0.00833043477866257,1.05268819356608,1.26807867548107
sub-Vog061,Florida,r,f,0.12845325183935,-0.387239688007791,0.24847037789544,-0.409905823349426,-0.400043158025835,2.28483019771022,2.03178370478827
sub-Vog062,Florida,r,f,0.631561967757761,-1.11841651419374,-0.804392016692631,-1.12799878062127,-0.69706035832348,1.32745791511065,1.71745246072513
sub-Vog064,Florida,r,m,-0.32625031017183,-0.833310735230321,-0.480668785061844,-1.67895023568751,-1.1242857624008,2.213796368818,2.30158308746435
sub-Vog066,Florida,l,f,-0.012909231893957,1.02210732467982,-0.845754278894824,-0.941417631041627,-1.05219529931936,2.64027356427842,2.54934166362094
sub-Vog068,Florida,l,f,-0.038890797006852,0.528000169625317,-0.0429073878522642,-0.635142518332229,-0.749567058277473,2.33232820090405,2.41535931938287
sub-Vog069,Florida,r,m,0.0817221651280202,1.01612497459443,1.13914166916595,-0.206381654104377,-0.896723968828693,2.20019860565213,1.8805477085238
sub-Vog070,Florida,l,f,0.0815353882737481,0.333740890918019,0.0932500041058253,-0.258403111880133,-0.434793448853512,2.62387139763452,3.02534534608037
sub-Vog071,Florida,r,f,-0.125860106272617,1.08628551441256,-0.598279287800608,-0.213844722486574,-0.339939020130624,1.21012192799566,1.69716221285874
sub-Vog072,Florida,r,f,0.123571516769676,-0.642644054878947,1.08623549603505,-0.484175392002768,-0.682950953082029,2.49274795886357,2.17876320755618
sub-Vog073,Florida,r,f,-1.72034739541352,-0.473884842011588,-1.49824892041473,-0.202485495766108,1.02394913247859,2.34543778610618,2.01642739861935
sub-Vog074,Florida,l,m,0.394818335139443,0.496490351573429,0.284676418605461,-0.338893468990437,-0.721382887239347,0.819230021870678,0.739992118361974
sub-Vog075,Florida,r,f,-0.372306780007291,0.860204190621514,-0.1799592228318,-0.932335570589608,-1.02884687865551,1.80800678627116,1.59931981708501
sub-Vog077,Florida,r,f,-0.0874506314216176,1.09435653764696,-0.0648845263465116,-0.611354185501533,-0.948995984627681,1.70196413319193,1.58831767155956
sub-Vog078,Florida,r,m,-0.42043381401562,0.460224988091275,-0.704140162078039,-2.30690096798096,-2.08223376866674,2.16598995827888,2.07966663642841
sub-Vog079,Mainz,r,f,0.115750358393476,-0.837624590606999,-0.233842975000057,-3.7223754529636,-3.36741021692828,2.89046032506121,2.55881186837392
sub-Vog080,Mainz,r,f,0.486381950642932,0.21374158324949,0.173031154893335,0.0876280049494153,-0.204934461418662,3.14173950323652,3.11979442147819
sub-Vog081,Mainz,r,f,-0.0886107467822352,0.0500597227984877,0.0945998005035587,-2.82441535430982,-2.83989542576153,1.96814630248301,2.09440314676984
sub-Vog082,Mainz,r,m,0.351041409554229,0.374265917905978,0.627009251963059,-2.07028622118332,-2.51602681399582,1.7856196181023,1.714772469236
sub-Vog083,Mainz,r,f,0.131353668074082,0.196409517483081,0.109717366569045,-1.91428027634749,-2.05219939056758,1.66407057836116,2.38521213631286
sub-Vog084,Mainz,r,f,0.200651385713908,-1.12475869098801,-1.06827098714769,-3.03893851460179,-2.38257033319792,1.5678328328667,1.27584378522655
sub-Vog085,Mainz,r,f,0.942541658137609,-0.165957853775311,-0.257939457246432,-4.93145330022218,-5.11342655950415,3.02823980145777,2.90464238263222
sub-Vog086,Mainz,r,m,0.0769408627555012,-0.486773775909512,-0.0510119171181255,-0.921586378878772,-0.767847183331078,2.5084466546354,2.3914490208792
sub-Vog087,Mainz,r,f,-0.584745975795533,-0.942583221049584,-1.31254835775976,-5.99572487924203,-5.04591099414162,1.82089184378187,2.1610849906108
sub-Vog088,Mainz,r,f,-0.653894725821135,-0.462463114462061,-0.345201095652243,-3.43733334211479,-2.94460074945464,0.998739466025603,0.868029144798181
sub-Vog089,Mainz,r,f,0.442266114181197,0.172404204061482,0.47070864051939,-1.90467778375691,-2.26172413578546,2.2605295964787,2.16397623664742
sub-Vog090,Mainz,a,f,0.14927721645677,0.024530947336881,0.168117063061596,-3.17320767850807,-3.29145121245875,1.79347183896461,1.97889514417578
sub-Vog091,Mainz,r,m,-0.296547707932627,-0.842015770307554,-0.936997336669891,-1.99635978270107,-1.30369219015599,2.50131128916014,2.50633193170824
sub-Vog092,Mainz,r,f,0.286729883353318,0.0975937942155384,-0.0259557696751418,-3.26428663096894,-3.37945968868441,1.6037132371431,1.43883610098352
sub-Vog093,Mainz,r,m,0.701212481442717,0.141743898338892,0.0296199526134239,-0.398016476937425,-0.674379066079348,2.14638103812394,2.33019188656587
sub-Vog094,Mainz,r,f,-0.681660774793848,-1.01446254597377,-0.255143994058252,-0.852185789001709,-0.188820138555437,0.215972342089989,0.182478041428464
sub-Vog095,Mainz,r,f,0.20863071805336,-0.577936538901301,-0.51167514779421,-1.66329330579651,-1.36680175714682,2.73696930752206,2.70648458303452
sub-Vog096,Mainz,r,m,-0.310407693210684,-0.88233302174304,-0.672592743302778,-2.10502137819557,-1.48645559892949,2.10112533954979,2.42531785200718
sub-Vog097,Mainz,r,m,-0.699475414978959,-1.22271584624314,-1.78785664288101,-4.1310526257489,-2.89411640457545,2.30551456606072,2.54640453518878
sub-Vog098,Mainz,l,f,-0.983019540525284,-1.33320559849105,-1.25345126133093,-2.10542953579648,-0.880373947704538,2.31089768831096,1.88707093917611
sub-Vog099,Mainz,r,m,0.474171732104181,-0.158865638600092,0.280093757684263,-1.90996130393645,-2.08592260624453,1.93616737421352,2.49249372411979
sub-Vog100,Mainz,r,f,-0.797656663572313,-0.906706620337932,-0.851717815995078,-1.75281380325323,-0.890907870449224,1.30660558008514,1.29350130531573
sub-Vog101,Mainz,r,f,0.878243337585879,-0.0947080003758542,-0.102282369851222,-1.96330383957626,-2.17517692926721,2.78131459964712,2.49071234343284
sub-Vog102,Mainz,r,f,0.0161974492661788,-1.07690623134139,-0.422861421802351,-2.43986419226026,-1.94068750908791,3.07403599685256,3.22872606555054
sub-Vog103,Mainz,l,m,-0.099731080919869,-0.156058219275715,-0.35067202607548,-2.60557500437657,-2.38787051821242,1.75824034900788,1.67830111346292
sub-Vog104,Münster,r,f,0.235080835906256,-0.295394659949934,-1.04026761742394,-3.75224537941477,-3.35133361462057,3.5419952844807,3.71352442827891
sub-Vog105,Münster,r,m,-0.971026982665608,-0.455134886408645,-1.01519756261367,-1.59990339248909,-0.778326113566419,2.56570252514125,2.74916122101662
sub-Vog106,Münster,r,m,-0.885642895518997,-1.79795045105939,-1.70361836634218,-3.59648119108631,-2.13415940327201,2.26891405586275,2.78890512206943
sub-Vog107,Münster,r,f,0.323051978214044,-0.907048521609826,-1.95206525103877,-3.23523218053208,-2.39689376454871,3.18799788432257,3.03124068202562
sub-Vog108,Münster,r,f,-0.394923213021457,-0.327395561725965,-0.839119430899975,-1.4606264746827,-0.94709835608218,2.23944860276961,2.40412560953179
sub-Vog109,Münster,r,m,0.134464199031516,0.503595912123762,0.371857184829663,-0.670227396436069,-1.01932877268156,2.47383107860181,2.63636751591698
sub-Vog110,Münster,r,m,-0.706189480994276,-0.895867326617952,-1.60702226673489,-3.49754983166974,-2.42284947069759,2.68054924068218,2.64213915995395
sub-Vog111,Münster,r,f,-0.913032528200857,-0.359882294654603,-0.277752788135786,0.0308946271243797,0.540960527093799,2.6710494108291,2.77880250498671
sub-Vog112,Münster,r,f,-0.789565865584744,-0.541343167773668,-0.578815026457124,-1.54957651758344,-0.914652720921221,2.72009782326163,3.14318874672798
sub-Vog113,Münster,r,f,-1.07006775129453,-0.960496471624705,-0.666610608487697,-4.65875673141479,-3.76077342555589,3.24900768367048,3.08191936494988
sub-Vog114,Münster,r,f,-0.715835091939424,-1.04713765993175,-0.366877330181243,-3.02418956157213,-2.31122187908023,2.34823004601487,2.62835671037313
sub-Vog115,Münster,r,f,-1.23481646420949,-1.94306530240417,-1.71631011261542,-3.14211869178271,-1.50786454376593,2.86264832329989,2.83305399205506
sub-Vog116,Münster,r,f,0.180574456432671,-0.651279912683662,-0.423279101487575,-1.51713327384114,-1.21533605594777,1.99288880511967,2.01779056994734
sub-Vog117,Münster,r,f,-0.269901503395486,-0.477134226225754,-0.602244079190609,-0.963743348354196,-0.514519314414682,1.6473934675812,1.53016920687544
sub-Vog118,Münster,r,f,-0.0187429581517891,-0.858829934532743,-0.710537098987266,-1.4751808375416,-0.991393714599424,2.40855092204717,2.5244640283508
sub-Vog119,Münster,r,m,0.341523778839986,-0.0626512972410355,0.56996958623139,-3.98135787680828,-4.25252114106471,2.83788564128414,2.82669737123943
sub-Vog120,Münster,r,f,0.250144576941228,-0.398557182476565,-0.0442938054032167,-1.71745628335341,-1.64191218810215,3.19863667681143,3.16219110695447
sub-Vog121,Münster,r,f,-0.76732508895688,-1.52252533732516,-1.76747576117846,-4.37426051070517,-3.01524947778584,2.98117635619304,3.17023907467282
sub-Vog123,Münster,r,f,-0.384309800603736,-0.33429180473154,-0.202886908752142,-2.29566160575103,-1.9355995878696,2.88610904422069,2.80681234625578
sub-Vog124,Münster,r,f,-0.208999379061676,-0.730362397130116,-0.7037421625443,-3.57492602516292,-3.03716352756643,2.95909425977557,3.09654500223261
sub-Vog125,Münster,l,f,-0.556379786297911,-0.194259887701099,-0.405453038640001,-4.85351311819611,-4.46443276270682,2.14281471395023,2.13449192427652
sub-Vog126,Münster,r,f,-0.89876540127982,-0.809592893098997,-1.74436699920128,-1.62207677314466,-0.472428273936047,2.91776610294147,3.24413777284026
sub-Vog127,Münster,r,f,0.0383425124879372,-0.290173346000258,-0.185516457565542,-1.68324067476712,-1.53754849760188,2.84588009101712,3.29659127352175
sub-Vog128,Münster,r,f,-0.535353802253968,-0.500269558228771,0.382882587603869,-1.50152705193952,-1.28956530231194,2.05210594446426,1.75960624934031
sub-Vog129,Münster,r,f,-1.01774669345163,-1.40834540317321,-1.2777006019037,-7.38589839449434,-6.1383465151106,3.06115201862865,3.37674929424823
sub-Vog131,Münster,l,f,-0.647953327337164,-1.73306996056525,-2.44302798630642,-1.09788757575389,0.496393226570322,2.18957752322689,2.07556873117819
sub-Vog132,Münster,r,f,-1.0629183545183,-1.73696391263409,-0.892706122942064,-3.96003947369839,-2.72519979902442,2.8249777680047,3.19069050679288
sub-Vog133,Münster,r,f,-2.31461970552308,-1.54790582019215,-1.97954166860888,-5.51040562777689,-3.56522447391944,2.43237270463045,3.15592666517842
sub-Vog134,NorthDakota,n/a,m,-1.24376210799524,-1.0850173869341,-0.65282616633052,-2.16309759004749,-1.15953704703674,2.82524291292073,3.11449752981975
sub-Vog135,NorthDakota,n/a,f,-0.162554022530037,0.182509444607503,-0.395837801807135,1.02481899370186,1.11818621301266,1.60783234177505,1.55481215614343
sub-Vog136,NorthDakota,n/a,m,-0.919081482134885,-1.33117750150438,-2.38457311994866,-1.86507569251337,-0.326692803088068,1.88777295043262,2.017177341138
sub-Vog138,NorthDakota,n/a,m,-1.74224671666163,-1.46382987118608,-0.820591097604561,-1.42705000478602,-0.0713651665014094,2.13992625285507,2.17133284094002
sub-Vog139,NorthDakota,n/a,f,-0.491910259664547,-0.102890157755146,-0.612960805249845,-0.848191436669001,-0.443595301238642,1.09414034696541,0.95280161206697
sub-Vog140,NorthDakota,n/a,m,0.405240206696169,-0.0446689530874511,0.390758212309039,-0.919646430996948,-1.17702560218258,1.91002588728531,2.00392287862723
sub-Vog141,NorthDakota,n/a,m,-1.12286090063419,-0.765324214197764,-0.540614213094042,-0.95586995816064,-0.150110163490873,1.90180065667723,1.89846183172152
sub-Vog142,NorthDakota,n/a,m,-0.751263958575471,-0.334029836228904,-0.417567636001109,-0.671256519954367,-0.17288777883655,1.23805853024859,1.39563578540363
sub-Vog143,NorthDakota,n/a,f,-0.0838360514194041,0.0130567726171428,-0.724262777133939,-1.65607168142693,-1.38413293310666,1.15434441042378,1.47224104825616
sub-Vog146,NorthDakota,n/a,f,-0.130696311677108,-0.408434506745392,-0.80947170159185,-1.41059573708462,-0.95662653576903,1.82241459175065,1.68319947083039
sub-Vog147,NorthDakota,n/a,f,0.433964676624819,-0.68526518475572,-0.10147655127867,0.745183358152562,0.875926778182624,1.73933133959524,1.81068551800512
sub-Vog148,NorthDakota,n/a,f,0.171969359713868,-0.169872063495172,0.428295326975016,-1.68269890265699,-1.8193741711589,1.45342297300232,1.69795019383539
sub-Vog149,NorthDakota,n/a,m,-0.198626411741079,0.405706989485924,-0.0672865221329617,0.794455882998962,0.748275304402544,1.0156933481112,0.951491805875918
sub-Vog150,NorthDakota,n/a,m,-1.13000193936931,-0.91817138314792,-0.813666592576778,-1.4756733253225,-0.47750721840264,1.88058824708957,2.18232851527293
sub-Vog151,NorthDakota,n/a,m,-0.501178051487907,-0.496674926134743,-0.282455816426736,-0.970192938229519,-0.57564958066671,1.42632749504407,1.67367758161088
sub-Vog152,NorthDakota,n/a,m,-0.101745859738924,-0.45885812375623,-0.328281731520415,-1.83845358170451,-1.52677883216163,2.03976528848021,2.01665175427467
sub-Vog153,NorthDakota,n/a,m,0.516397826320945,-0.0404525769929315,0.18102646593581,-0.574726530928705,-0.803007340649326,0.956535813971742,0.898940997229711
sub-Vog154,NorthDakota,n/a,f,-0.558597519904849,-0.957237918431043,-0.881117325802504,-1.21482990253331,-0.453611836272567,0.544592386960178,0.496292446650382
sub-Vog155,NorthDakota,n/a,m,-0.151728152219894,-0.260626326597628,-0.514903302738501,-0.878834824650943,-0.562212432741537,2.49126809106453,2.92615334167188
sub-Vog156,NorthDakota,n/a,m,-0.0144288505663688,-0.258339558781654,-0.382872955365245,-0.0471696799249149,0.173193911502028,1.16606056880234,1.51434704906217
sub-Vog157,NorthDakota,n/a,f,-0.00778746518434156,0.43516235719333,-0.284959566082655,-1.1712498537409,-1.23312305861439,0.99180256264367,0.821806479035987
sub-Vog158,NorthDakota,n/a,f,-0.656836475035162,-1.34992647647917,-0.560849152103568,-0.710700691920923,0.15121810540865,2.71951396356547,2.65612414377296
sub-Vog159,NorthDakota,n/a,m,-0.22484417628187,-0.507567676423231,-0.839021390635058,-4.09770564750438,-3.5596313728837,1.21495484880187,1.31552699674359
sub-Vog160,NorthDakota,n/a,f,-0.647931760445643,-0.186767612766961,0.763346021221454,-2.7911572268614,-2.75400903906438,0.695970275911801,0.659967200407965
sub-Vog161,NorthDakota,n/a,f,-0.117138966787729,-0.990454076208106,-0.908541729135128,-1.05853479673558,-0.368740821990573,2.19839491727462,2.14063140564811
sub-Vog162,Ohio,n/a,f,0.0423938849450976,-1.15297505501042,-0.85739428122817,-1.62291211904451,-1.00784996083246,2.34032849212671,2.34123505995554
sub-Vog163,Ohio,n/a,m,-0.648098869594513,0.0710162652320988,-0.772234085056213,0.0146635486199991,0.465298906776212,1.99642828015532,2.02960389451636
sub-Vog166,Ohio,n/a,f,-0.586006311777788,-0.638947887943072,-0.115229403599284,-2.13424457153997,-1.6908686547716,2.04122283140333,1.83915223446475
sub-Vog169,Ohio,n/a,m,-0.0128861579438577,-1.01010368893143,-0.695062057514859,-0.871173839121334,-0.262065847594419,2.43526984913734,2.43931561397073
sub-Vog170,Ohio,n/a,m,-0.61388305599686,-0.503489952888563,-0.119219037565173,-0.704033013003616,-0.27819791552752,1.93041636601412,1.92145032053235
sub-Vog171,Ohio,n/a,m,0.0585665318911224,0.964690988393518,-0.880483490358314,-0.28612308041601,-0.395080736872863,2.07034771939129,2.04612398756852
sub-Vog172,Ohio,n/a,f,-1.14307627412296,-2.2322468853048,-2.26069047179569,-3.21647872404327,-1.33841658442035,1.86384063805694,1.63959012075589
sub-Vog173,Ohio,n/a,f,-0.901456255419045,-0.871768394088019,0.0233367089272695,-1.35187143904768,-0.797091631835849,2.68522242473617,2.75152574343865
sub-Vog175,Ohio,n/a,f,-1.31498410144803,-1.27228992955461,-1.26538179445852,-4.58991741505874,-3.30831380227403,1.72127944898576,1.83841213554469
sub-Vog176,Ohio,n/a,f,-0.442615407738997,-0.351159446627172,-0.560249910688262,-1.70959315719477,-1.25348424717959,2.1665884450776,1.9696118125358
sub-Vog177,Ohio,n/a,m,-1.49975397609794,-2.5692545243809,-1.84443681309345,-2.78010279990228,-0.80359373241514,1.97287586380145,1.79550065708038
sub-Vog178,Ohio,n/a,f,-0.972186316512924,-2.23523451526208,-2.25547044150291,-4.71266468569164,-2.89784464394161,3.34941727794396,3.39194095938259
sub-Vog179,Ohio,n/a,f,-0.467685257338989,-1.06266279100482,-1.44983821258768,-1.56552250278656,-0.578947959801669,1.93541620507023,1.98416775141506
sub-Vog180,Ohio,n/a,f,-0.338183320794986,-0.388703095705547,-0.103926720102047,-0.465771700255359,-0.188746893126897,2.32840058688298,2.05271195971917
sub-Vog181,Ohio,n/a,f,-0.353809655031294,-0.653940514564155,-0.0339121612124698,-0.919578684761738,-0.587437354771374,3.1591655643739,3.38413283773808
sub-Vog182,Ohio,n/a,m,0.0594453997560775,-0.650608861471268,-0.940255151272739,-0.460046774198486,0.0935536349807783,1.75304008448795,1.9365893036832
sub-Vog183,Ohio,n/a,f,0.198185143740607,-0.0897224043268117,0.323568411380116,0.239416142183705,0.0877802095992769,2.38511925803279,2.56645935025183
sub-Vog184,Ohio,n/a,f,-0.945247352608862,-0.957449744730623,-1.10283687476096,-0.851949620723274,0.155616634059702,2.34938056808442,2.24206386504711
sub-Vog185,Ohio,n/a,f,-0.356411324852322,-1.41059628411047,-0.566175919357587,-1.34687773385534,-0.567369776330008,2.73704093567251,3.28284494469348
sub-Vog187,Reykjavik,r,f,-2.7151047073989,-2.11768619621268,-1.0846386155829,-4.48999821438237,-2.52024315795019,1.93861956295031,2.55832060841112
sub-Vog188,Reykjavik,r,f,-1.17063636251736,-0.967647270672179,-0.859811250870802,-3.17067783965018,-2.1599133343351,1.81942982699627,2.00465510480338
sub-Vog189,Reykjavik,r,f,-1.05104834115071,-2.30492852378469,-2.20250135898229,-6.81208059985477,-4.94145950581098,3.04648813954077,3.53202488384741
sub-Vog190,Reykjavik,r,f,-1.01016335859654,-0.917556213695293,-0.73456271726919,-1.79959146324654,-0.917898003977761,1.30165506138305,1.35776977051843
sub-Vog191,Reykjavik,r,f,-0.062913854338927,0.192890735320769,0.0948527980909968,-3.65575495968737,-3.72121382790684,1.66706607321939,1.75782345170958
sub-Vog192,Reykjavik,r,m,-0.491799148142569,-0.398402636804713,0.38518576752739,-1.8943164696436,-1.74783780306629,2.11182343637739,2.08794066283377
sub-Vog195,Reykjavik,r,f,-0.207601738320452,-0.126139162074756,-0.552858495953689,-1.95162345449526,-1.65688962602412,0.407327936731923,0.34184258910782
sub-Vog196,Reykjavik,l,f,-0.582132674384328,-1.33826738723167,-1.44541656011378,-2.2164537636392,-1.04964134224631,1.50030057493868,1.23487753790606
sub-Vog197,Reykjavik,r,f,0.159845068743438,-0.51922648093098,-0.550311927449098,-3.51260178143525,-3.21789714894457,1.95405068178734,1.6848641863159
sub-Vog198,Reykjavik,r,f,-0.0921960969417416,0.302502445051491,-0.504506316862711,-1.82760352096864,-1.71332173794828,1.7789031523324,1.95874573839605
sub-Vog199,Reykjavik,r,f,0.24352660346765,-0.401912556726157,-0.14834098333595,-3.92649393050012,-3.80888960592487,2.04187886221501,1.86592854367738
sub-Vog200,Reykjavik,r,n/a,0.530277959473945,0.211411028130391,0.343147388087911,-0.972463650016959,-1.35881932671801,1.6794983189172,2.06873953421041
sub-Vog201,Reykjavik,l,f,-0.257735024031464,0.0539608600354375,-0.0235601135668665,-2.65409781263749,-2.60392817510315,2.43514510674384,2.64055625298821
sub-Vog202,Reykjavik,l,f,-0.229208817992244,-0.653588416225573,-0.731125803813912,-2.84019654338289,-2.27288308997968,2.0074706717038,2.302808088385
sub-Vog203,Reykjavik,r,f,-0.699199194483282,-0.378455745638536,-1.18404921933808,-3.92043764686285,-3.17153826735252,2.06540664292097,2.18337557925126
sub-Vog204,Reykjavik,r,f,-0.622252577570881,-0.721156536262125,-1.10067319584692,-3.74052394333551,-2.9443442172063,1.71505167552049,1.72830151022938
sub-Vog205,Reykjavik,r,m,0.0461612049856986,-0.174550777857654,0.0934655402734918,-2.97998891480499,-2.97605067279154,1.53244740731245,1.61049124874235
sub-Vog206,Reykjavik,r,f,0.00690381624353189,0.288584401065453,-0.170430923261482,-1.77955338915949,-1.79344523955542,1.39657488402762,1.33442302473665
sub-Vog208,Reykjavik,r,m,-0.446344715915253,-0.474923438797565,-0.1779716786973,-0.696641464191709,-0.338857555927577,1.48694452006269,1.42678118134258
sub-Vog209,Reykjavik,r,m,-0.116260507618715,-0.0935805026121996,-0.497249366406515,-1.7986718903319,-1.57147896624763,1.86246768112845,1.90446004051292
sub-Vog210,Reykjavik,r,m,0.524497942915452,-0.702889356718486,-0.295920087644639,-0.258281163463853,-0.100244149443323,1.67340913438917,1.94864842330099
sub-Vog211,Reykjavik,l,f,-0.428546839051784,-0.344535598249517,-0.251679928638003,-2.91757234149876,-2.54707961211143,1.3058312194294,1.08469362651817
sub-Vog213,Reykjavik,r,m,0.152732357905199,0.00951795140582879,0.429372932130183,-0.493151959045489,-0.673657603728367,1.96896362938841,1.92996085065005
sub-Vog215,Reykjavik,r,f,0.185551416286791,0.341200274873733,0.289663013407921,-4.15657545060984,-4.42888378192816,1.24019832026692,1.07677988993003
sub-Vog216,Sheffield,r,f,0.167515913485556,0.00306417189982951,0.535306779732898,-2.16368067668731,-2.40458153289782,1.00137964036448,1.14358332987941
sub-Vog217,Sheffield,r,f,-0.316838762623026,0.116937321104712,0.0180051315008832,-0.848237426546496,-0.803274732940817,1.03984197368919,0.986537340664237
sub-Vog218,Sheffield,r,f,-0.082062407299232,-0.183448152429254,0.714931706416393,-2.16904822727102,-2.36099196796007,2.69475844621916,2.75548037917313
sub-Vog219,Sheffield,r,m,0.236388929037768,-0.163300143817108,0.168398852796879,-2.46638130567681,-2.55104606204048,2.21830872278627,2.26730690301952
sub-Vog220,Sheffield,a,f,-0.373837493481188,-0.853860639289202,-1.02425147238769,-3.68499477825099,-2.93106028342206,2.41191753770217,2.33211400612925
sub-Vog221,Sheffield,r,f,1.62647052493877,-0.144259706439487,-0.250490263890329,-5.65452585701279,-6.06679107625603,0.974750620737857,1.17345219110853
sub-Vog222,Sheffield,r,f,0.519623852014412,0.139699266043181,-0.131150843470936,-0.985061544505278,-1.16587701086011,1.50552066980638,1.29452468678616
sub-Vog223,Sheffield,r,f,0.156675818814941,-0.64480607577561,-0.712620463297027,-2.77178120202814,-2.36316008675352,1.8806322431719,1.58042108190425
sub-Vog224,Sheffield,a,f,-0.27049480245782,0.00819053365188227,0.0649177950632885,-0.482205853760414,-0.4125886541803,0.977770760138764,0.880177851631333
sub-Vog225,Sheffield,r,m,0.141055479538501,-0.245014792011442,0.48804560476106,-1.63321051771296,-1.75717302863169,1.51777941038014,1.60379747412317
sub-Vog226,Sheffield,r,f,-0.519545008696951,0.0826953117850708,-0.466482812149471,1.81172036185413,2.122299528006,1.54276781314839,1.75515626249599
sub-Vog227,Sheffield,r,f,0.44507721548833,-0.0936625046533839,-0.899277778080413,1.93002866313792,2.1162535191989,0.992375676118004,0.979496942297094
sub-Vog228,Sheffield,r,f,0.997103005506212,-0.727111583804882,-0.101014868638165,-1.13899372347168,-1.15913677481403,2.66272480906627,3.08083879601979
sub-Vog229,Sheffield,r,f,0.269554911935691,0.33714294927427,-0.239946959083019,-1.05004197784859,-1.15592103128013,1.80004362195947,1.64875129326261
sub-Vog230,Sheffield,r,f,-0.379833427513671,-1.613512419344,-1.20993317454475,-4.28409588090638,-3.20881246617164,1.38173949749413,1.53169134634951
sub-Vog231,Sheffield,r,f,0.171097454532389,-0.44383501523303,0.591566252441908,-2.3091322027865,-2.41803863189448,1.43737177212106,1.55106971546194
sub-Vog232,Sheffield,r,f,0.00231907906463923,-0.700027703361044,-0.967598861668838,-3.59088641686397,-3.0469674351244,1.78912821273714,1.50558095894073
sub-Vog233,Sheffield,r,f,-1.70948952319442,0.185809082248884,-0.749944045522928,-1.55990439658709,-0.807908307016419,2.43667969688024,2.43332174663296
sub-Vog234,Sheffield,r,m,-0.396702863221474,-0.622386487108054,-0.727776881532401,-1.90982453507914,-1.32743127365186,2.13582310753883,1.91760732876911
sub-Vog236,Sheffield,r,f,-0.168952519853127,-0.315842645617564,-0.706009265000357,-1.61449355020821,-1.21046795469134,2.82943484551478,2.77081558591069
sub-Vog237,Sheffield,r,f,-2.09545675045519,-2.08633874442179,-1.50913203043342,-3.39664033506246,-1.53564035168731,2.43491857472455,2.20938327978221
sub-Vog238,Sheffield,r,f,-0.530726004306939,-0.509160641274941,-0.517852989434872,-3.06478413974053,-2.53891380919758,2.20275022826854,2.15163763997344
sub-Vog239,Sheffield,r,m,-0.266750245292638,0.214915334860165,-0.0327991864012554,-1.0742712107584,-1.07977326966527,1.57856954250156,1.68134517671393
sub-Vog240,Sheffield,r,m,0.014888959998179,0.438700602407816,0.13963853415524,0.0291433008745204,-0.154381056076697,2.16691777705968,1.93141107511982
sub-Vog242,Zürich (Prof. Langer),r,f,-0.68199932486144,-0.719660270110098,-0.964215290040707,-0.0665148884241623,0.720333909640887,1.74508106272812,2.59472919843159
sub-Vog244,Zürich (Prof. Langer),r,f,-0.968347131299498,-3.66248192178663,-2.69950196032528,-3.15861088024503,-0.722282242720521,2.13307548206655,2.1041941923639
sub-Vog245,Zürich (Prof. Langer),r,f,0.267412660355443,-0.282769045753336,-0.481152306065538,-2.85422936370782,-2.69805343702632,2.38885706287928,2.4628555316954
sub-Vog246,Zürich (Prof. Langer),r,f,-1.24014114264957,-1.23798268168773,-1.32238528000368,-2.48170896031998,-1.19527239598832,2.46749013775411,2.45996840742183
sub-Vog247,Zürich (Prof. Langer),r,m,-2.35904993388936,-3.1159308008793,-1.84481934075695,-1.8163534471732,0.624156430337852,1.91275920345087,1.94957592469533
sub-Vog249,Zürich (Prof. Langer),r,f,-0.149321290277024,-0.451975857202321,-0.545735729641948,-0.839886295237935,-0.430620809589475,2.92653439521591,2.82475771873164
sub-Vog250,Zürich (Prof. Langer),r,f,-1.03706997851936,-1.66390220452216,-1.62795297848469,-1.0836342550014,0.374265531990292,3.00490841316703,3.05341437424262
sub-Vog251,Zürich (Prof. Langer),r,f,-0.892404325073022,-1.62321556668543,-1.63184008432731,-1.56963622604399,-0.168788017762674,1.92854263633074,1.9756312269476
sub-Vog253,Zürich (Prof. Langer),r,f,0.317870355848508,-0.245035060253871,-0.241600220346034,-1.46992366129486,-1.42206575759467,1.58146354587033,1.63886867061153
sub-Vog254,Zürich (Prof. Langer),r,f,-0.867801815956547,-1.27971404538843,-1.07645203063205,-3.46908833121587,-2.39311852121354,2.24901832915083,2.14470071944739
sub-Vog255,Zürich (Prof. Langer),r,f,-0.309370136165554,-0.54818641696233,-0.825065994586052,0.0737845540860492,0.618552694665586,2.67559175831521,2.44170125337237
sub-Vog256,Zürich (Prof. Langer),r,f,0.283292519428462,0.127900119087974,0.450522200778132,-1.34117503920272,-1.62173250788709,2.18303077377225,2.16104989802172
sub-Vog257,Zürich (Prof. Langer),r,m,-0.92229924042968,-1.20462553664678,-0.943079446010159,-2.79568666067901,-1.76990864452065,1.88407423615388,2.29907712709412
sub-Vog258,Zürich (Prof. Langer),r,f,-1.10298976002716,-1.6429996967156,-1.02041150844116,-2.67291201120706,-1.41722489400291,1.7369056220553,2.22736559477667
sub-Vog259,Zürich (Prof. Langer),r,f,0.250747887300875,-1.08389265207349,0.160930934712943,-0.0724189705411832,0.142099230577376,2.30923446254142,2.17787678881651
sub-Vog260,Zürich (Prof. Langer),r,m,-0.366753304788901,-1.27788159508752,-1.36832544010932,-1.90231523087373,-0.90223424841432,2.55568535399694,2.95292686646534
sub-Vog261,Zürich (Prof. Langer),r,f,-0.232173762876985,-0.630323678742075,-0.639057313969638,-0.916011090238626,-0.418579596909379,2.12597238193523,2.34237762935816
sub-Vog262,Zürich (Prof. Langer),r,f,-0.0587036453428354,-0.358755392084618,-0.47529467153446,-1.33088874156736,-1.02916100458622,2.03800191042924,2.52070030481091
sub-Vog263,Zürich (Prof. Langer),r,m,0.453071954403854,-1.10758341062287,-0.971852288719339,-1.89882896454959,-1.36587502066312,2.25552119423694,3.36727807036755
sub-Vog265,Zürich (Prof. Langer),r,f,-0.0332407208785529,-0.652931265284826,0.0395334433277551,1.19613912982093,1.40812702118082,2.3058297033945,2.094751680178
sub-Vog266,Zürich (Prof. Langer),r,m,-0.641121217083454,-1.79490414120187,-1.43263097320921,-5.66177899817223,-4.36867523891753,1.89135077799015,1.87211444154377
sub-Vog267,Zürich (Prof. Langer),r,m,-0.469959164691265,-2.50836577228201,-1.58148894815461,-4.51744812619947,-3.00976032290075,2.34545613357436,1.89654743970352
sub-Vog268,Zürich (Prof. Langer),r,f,0.00826950634730499,-0.89663492020504,-1.17659085630174,-2.58208649648799,-1.90509376165829,2.04527721849392,2.28743278622
sub-Vog269,Zürich (Prof. Langer),r,f,0.610555294607766,-1.18708273497003,-1.20286299518536,-4.36406901531417,-3.77235308882094,3.13887594796645,3.06708181086652
sub-Vog271,Zürich (Prof. Langer),r,m,-0.267024195602933,-0.246082575226893,-0.809429251324656,-2.0155741736905,-1.57917099792304,2.72110399594774,2.68079202718893
sub-Vog274,Zürich (Prof. Langer),r,f,0.000194165397113149,-0.0404532222835381,-0.0653301252844561,-2.55751706772411,-2.5203748616428,2.76531453146724,2.90390340885848
sub-Vog275,Zürich (Prof. Langer),r,f,-0.225507533391089,-0.596832578640625,-0.431278853337806,0.766249211692872,1.18146821536709,3.29116244137187,3.48737150900645
sub-Vog277,Zürich (Prof. Langer),r,f,-0.910237038854079,-0.887586778835133,-0.924161239535748,-0.903341740387765,0.00106592770787891,2.83820118865838,3.23463139515653
sub-Vog278,Zürich (Prof. Langer),r,m,-0.777832116398751,-0.485867022425938,-0.731574149122738,-0.117064107096862,0.536640061357711,2.22574032172395,2.51210131496218
sub-Vog279,Zürich (Prof. Langer),r,m,-0.317364415277799,-0.80823302861645,-0.810745661199769,-0.463775894032733,0.178548788223524,2.71716310149593,2.66867400069144
sub-Vog281,Zürich (Prof. Sauseng),r,m,-2.01522873603149,-2.3709651438397,-1.93859407332372,-2.00873950089898,0.120877093517781,2.38614681887994,2.50243711089961
sub-Vog282,Zürich (Prof. Sauseng),r,f,0.5684560661051,0.138349914915505,0.463034535451392,-0.749769717106248,-1.13230201121739,1.35307251228304,1.27639540522881
sub-Vog283,Zürich (Prof. Sauseng),r,m,-0.0524091971853004,-1.14520042732353,-1.32780436925281,-2.41452606186356,-1.56534368736739,1.80042961983197,1.7802095507012
sub-Vog284,Zürich (Prof. Sauseng),r,m,-0.820570668671005,-0.673739172265633,-1.20113980157688,-1.18781488213548,-0.292234756195,3.16271119256125,3.29960336541782
sub-Vog285,Zürich (Prof. Sauseng),r,f,0.183263798542219,0.474287809988238,0.706451231629124,-1.16994348060833,-1.6216291098121,2.50527277272465,2.72027534207684
sub-Vog286,Zürich (Prof. Sauseng),r,m,-0.617285042199868,0.0890216632001649,-0.340349262239311,-3.10878336463951,-2.82362086333659,1.50320406404044,1.30887709072179
sub-Vog287,Zürich (Prof. Sauseng),r,f,-0.959078193387532,-1.42363903032653,-1.45917458982096,-1.12715234595097,0.163020155510084,2.8472829992352,2.91214078841533
sub-Vog288,Zürich (Prof. Sauseng),r,f,0.0294536791706985,-1.3003673921875,-0.787576111802426,-1.25848494120799,-0.545607297645854,3.19452463294665,3.15463504450812
sub-Vog289,Zürich (Prof. Sauseng),r,f,-1.73198090320293,-1.59846821871589,-2.29221893346797,-3.40357914769963,-1.53100181301083,2.97549946102506,3.07105016501517
sub-Vog290,Zürich (Prof. Sauseng),r,f,-0.750968271501943,-2.06026138350931,-1.85986130995525,-3.62480707727639,-2.07177190291645,2.53894449141308,2.41102857513824
sub-Vog291,Zürich (Prof. Sauseng),r,f,-0.414599025330263,-0.079249140829518,0.013563791787191,0.0514064990980447,0.218773338344442,2.15893701370065,2.22123728024141
sub-Vog292,Zürich (Prof. Sauseng),r,m,-0.10984765896102,-1.59827297228796,-1.10196099335219,-1.6911695819618,-0.768059236599167,2.28923604422562,2.04990196927096
sub-Vog293,Zürich (Prof. Sauseng),r,m,0.14743677725276,-0.556990833452714,-0.468655382234919,-0.186826237535494,0.109519346026526,1.60724302047813,1.6663848962747
sub-Vog294,Zürich (Prof. Sauseng),r,f,-0.558962065116013,-0.27328328530798,-0.840075150902132,-2.19337371842243,-1.64117356105612,2.53550416193648,3.13210772526298
sub-Vog295,Zürich (Prof. Sauseng),r,f,0.618159856857669,0.307841350520834,0.952535598489386,-0.861010213389555,-1.47899642145066,2.61048635345881,2.24910884304189
sub-Vog296,Zürich (Prof. Sauseng),r,m,-0.168697507604241,-0.317316364092097,-0.522034031788692,-2.95753591746818,-2.61837007017539,1.90314107694863,1.91113618433095
sub-Vog297,Zürich (Prof. Sauseng),r,f,0.277154817019116,-0.815673978130781,-1.28658653475182,-2.65585524575192,-2.04345598669307,2.72000865366588,2.66806048720997
sub-Vog298,Zürich (Prof. Sauseng),r,f,-1.27479220643076,-1.87494606815383,-1.19717854560623,-3.13625647776055,-1.7166914877275,3.20684330794432,3.65118002974397
sub-Vog299,Zürich (Prof. Sauseng),r,f,-0.932988992525397,-2.2406392906788,-0.721311187046717,-1.79278255266054,-0.507252086574701,2.48562178041147,2.56636913877535
sub-Vog300,Zürich (Prof. Sauseng),r,m,-0.472022360968494,-0.32145130586997,-0.585469917317154,-0.58092063412294,-0.0925371379882456,2.8388956860415,2.78588102533158
sub-Vog301,Zürich (Prof. Sauseng),r,f,-0.659941246244789,0.148119970605865,-0.740823963811548,-1.64359072636814,-1.18706632916397,1.91152912176408,1.67671860077747
sub-Vog302,Zürich (Prof. Sauseng),r,f,0.625786206872053,-0.27122499927051,-0.397792817093489,-0.579632309664957,-0.570936043143938,2.41076696165192,2.54434243556179
sub-Vog303,Zürich (Prof. Sauseng),r,f,-0.242646375002492,-1.20179550638657,-0.422925541145726,-1.57733833213933,-0.946996515750503,1.30063917313777,1.08581143063126
sub-Vog304,Zürich (Prof. Sauseng),r,f,-0.932131527151524,-0.504461556304822,-0.777567151331458,-0.375031298519764,0.365300277099536,2.49378017140991,3.1552623171398
